{
  "swagger": "2.0",
  "info": {
    "version": "2017-12-26T20:48:18Z",
    "title": "Example Swagger Document for Portal API"
  },
  "basePath": "/Prod",
  "schemes": [
    "https"
  ],
  "paths": {
    "/workspaces-control": {
      "post": {
        "produces": [
          "application/json"
        ],
        "responses": {
          "200": {
            "description": "200 response",
            "schema": {
              "$ref": "#/definitions/Empty"
            },
            "headers": {
              "Access-Control-Allow-Origin": {
                "type": "string"
              }
            }
          }
        },
        "security": [
          {
            "workspaces-portal-pool": []
          }
        ],
        "x-amazon-apigateway-integration": {
          "responses": {
            "default": {
              "statusCode": "200",
              "responseParameters": {
                "method.response.header.Access-Control-Allow-Origin": "'*'"
              }
            }
          },
          "uri": "arn:aws:apigateway:us-east-1:lambda:path/2015-03-31/functions/arn:aws:lambda:us-east-1:<ACCOUNT ID>:function:workspaces-portal-serverless-sta-workspacesControl-ABCDEFGH/invocations",
          "passthroughBehavior": "when_no_match",
          "httpMethod": "POST",
          "contentHandling": "CONVERT_TO_TEXT",
          "type": "aws_proxy"
        }
      },
      "options": {
        "consumes": [
          "application/json"
        ],
        "produces": [
          "application/json"
        ],
        "responses": {
          "200": {
            "description": "200 response",
            "schema": {
              "$ref": "#/definitions/Empty"
            },
            "headers": {
              "Access-Control-Allow-Origin": {
                "type": "string"
              },
              "Access-Control-Allow-Methods": {
                "type": "string"
              },
              "Access-Control-Allow-Headers": {
                "type": "string"
              }
            }
          }
        },
        "x-amazon-apigateway-integration": {
          "responses": {
            "default": {
              "statusCode": "200",
              "responseParameters": {
                "method.response.header.Access-Control-Allow-Methods": "'POST,OPTIONS'",
                "method.response.header.Access-Control-Allow-Headers": "'Content-Type,X-Amz-Date,Authorization,X-Api-Key,X-Amz-Security-Token'",
                "method.response.header.Access-Control-Allow-Origin": "'*'"
              }
            }
          },
          "passthroughBehavior": "when_no_match",
          "requestTemplates": {
            "application/json": "{\"statusCode\": 200}"
          },
          "type": "mock"
        }
      }
    }
  },
  "securityDefinitions": {
    "workspaces-portal-pool": {
      "type": "apiKey",
      "name": "Authorization",
      "in": "header",
      "x-amazon-apigateway-authtype": "cognito_user_pools",
      "x-amazon-apigateway-authorizer": {
        "providerARNs": [
          "arn:aws:cognito-idp:us-east-1:<ACCOUNT ID>:userpool/us-east-1_ABCDEFGH"
        ],
        "type": "cognito_user_pools"
      }
    }
  },
  "definitions": {
    "Empty": {
      "type": "object",
      "title": "Empty Schema"
    }
  }
}